"","Time.day","Date","Common.Name","Dist.value","Window.size","data.type"
"1","dawn","7_8","American Crow",168,5,"regular"
"2","dawn","7_8","American Goldfinch",117,4,"regular"
"3","dawn","7_8","American Robin",1440,5,"regular"
"4","dawn","7_8","Baltimore Oriole",46,6,"regular"
"5","dawn","7_8","Barred Owl",108,5,"regular"
"6","dawn","7_8","Black-capped Chickadee",25,15,"regular"
"7","dawn","7_8","Blue Jay",132,10,"regular"
"8","dawn","7_8","Brown Thrasher",511,6,"regular"
"9","dawn","7_8","Brown-headed Cowbird",76,11,"regular"
"10","dawn","7_8","Canada Goose",226,6,"regular"
"11","dawn","7_8","Carolina Chickadee",542,12,"regular"
"12","dawn","7_8","Carolina Wren",118,6,"regular"
"13","dawn","7_8","Cedar Waxwing",147,5,"regular"
"14","dawn","7_8","Chipping Sparrow",44,6,"regular"
"15","dawn","7_8","Common Grackle",123,5,"regular"
"16","dawn","7_8","Downy Woodpecker",114,9,"regular"
"17","dawn","7_8","Eastern Bluebird",256,5,"regular"
"18","dawn","7_8","Eastern Phoebe",19,4,"regular"
"19","dawn","7_8","Eastern Towhee",404,6,"regular"
"20","dawn","7_8","Eurasian Collared-Dove",31,4,"regular"
"21","dawn","7_8","European Starling",323,6,"regular"
"22","dawn","7_8","Field Sparrow",198,5,"regular"
"23","dawn","7_8","Fish Crow",49,12,"regular"
"24","dawn","7_8","Golden-crowned Kinglet",35,4,"regular"
"25","dawn","7_8","Green-winged Teal",23,7,"regular"
"26","dawn","7_8","Hooded Merganser",27,5,"regular"
"27","dawn","7_8","House Finch",598,5,"regular"
"28","dawn","7_8","House Sparrow",576,5,"regular"
"29","dawn","7_8","Mourning Dove",363,11,"regular"
"30","dawn","7_8","Northern Cardinal",676,12,"regular"
"31","dawn","7_8","Northern Flicker",89,6,"regular"
"32","dawn","7_8","Northern Mockingbird",27,6,"regular"
"33","dawn","7_8","Northern Rough-winged Swallow",13,9,"regular"
"34","dawn","7_8","Pileated Woodpecker",33,4,"regular"
"35","dawn","7_8","Pine Siskin",31,5,"regular"
"36","dawn","7_8","Purple Finch",182,5,"regular"
"37","dawn","7_8","Purple Martin",46,4,"regular"
"38","dawn","7_8","Red-bellied Woodpecker",111,6,"regular"
"39","dawn","7_8","Red-breasted Nuthatch",5,6,"regular"
"40","dawn","7_8","Red-headed Woodpecker",67,4,"regular"
"41","dawn","7_8","Red-shouldered Hawk",14,9,"regular"
"42","dawn","7_8","Red-tailed Hawk",14,5,"regular"
"43","dawn","7_8","Red-winged Blackbird",193,5,"regular"
"44","dawn","7_8","Rock Pigeon",11,11,"regular"
"45","dawn","7_8","Ruby-crowned Kinglet",28,7,"regular"
"46","dawn","7_8","Song Sparrow",226,7,"regular"
"47","dawn","7_8","Tree Swallow",301,11,"regular"
"48","dawn","7_8","Tufted Titmouse",353,5,"regular"
"49","dawn","7_8","White-breasted Nuthatch",88,6,"regular"
"50","dawn","7_8","White-throated Sparrow",351,5,"regular"
"51","dawn","7_8","Wild Turkey",25,5,"regular"
"52","dawn","7_8","Yellow-throated Warbler",26,4,"regular"
"53","dawn","7_8","American Crow",10.3333333333333,5,"scale"
"54","dawn","7_8","American Goldfinch",9,4,"scale"
"55","dawn","7_8","American Robin",11.0420035703035,5,"scale"
"56","dawn","7_8","Baltimore Oriole",16.5,5,"scale"
"57","dawn","7_8","Barred Owl",9.75833333333333,5,"scale"
"58","dawn","7_8","Black-capped Chickadee",12.5,5,"scale"
"59","dawn","7_8","Blue Jay",8.72556390977444,5,"scale"
"60","dawn","7_8","Brown Thrasher",22.2467532467533,6,"scale"
"61","dawn","7_8","Brown-headed Cowbird",11.2539682539682,5,"scale"
"62","dawn","7_8","Canada Goose",13.2868421052632,5,"scale"
"63","dawn","7_8","Carolina Chickadee",19.6005291005291,12,"scale"
"64","dawn","7_8","Carolina Wren",11.5428571428571,5,"scale"
"65","dawn","7_8","Cedar Waxwing",16.4166666666667,10,"scale"
"66","dawn","7_8","Chipping Sparrow",11.6666666666667,5,"scale"
"67","dawn","7_8","Common Grackle",13,6,"scale"
"68","dawn","7_8","Downy Woodpecker",8.99999999999999,5,"scale"
"69","dawn","7_8","Eastern Bluebird",13.3282828282828,5,"scale"
"70","dawn","7_8","Eastern Phoebe",10,4,"scale"
"71","dawn","7_8","Eastern Towhee",22.312020460358,5,"scale"
"72","dawn","7_8","Eurasian Collared-Dove",14.3333333333333,4,"scale"
"73","dawn","7_8","European Starling",13.300395256917,12,"scale"
"74","dawn","7_8","Field Sparrow",17.3787878787879,5,"scale"
"75","dawn","7_8","Fish Crow",13.8333333333333,5,"scale"
"76","dawn","7_8","Golden-crowned Kinglet",9.9,8,"scale"
"77","dawn","7_8","Green-winged Teal",7.66666666666667,7,"scale"
"78","dawn","7_8","Hooded Merganser",8.33333333333333,6,"scale"
"79","dawn","7_8","House Finch",21.3231162196679,5,"scale"
"80","dawn","7_8","House Sparrow",17.2863984674329,5,"scale"
"81","dawn","7_8","Mourning Dove",18.2127976190476,5,"scale"
"82","dawn","7_8","Northern Cardinal",21.9072948328268,5,"scale"
"83","dawn","7_8","Northern Flicker",8.41269841269841,5,"scale"
"84","dawn","7_8","Northern Mockingbird",6.75,6,"scale"
"85","dawn","7_8","Northern Rough-winged Swallow",8.75,10,"scale"
"86","dawn","7_8","Pileated Woodpecker",5.61904761904762,4,"scale"
"87","dawn","7_8","Pine Siskin",7.66666666666667,5,"scale"
"88","dawn","7_8","Purple Finch",17.4428571428571,5,"scale"
"89","dawn","7_8","Purple Martin",17.5,6,"scale"
"90","dawn","7_8","Red-bellied Woodpecker",12.4230769230769,6,"scale"
"91","dawn","7_8","Red-breasted Nuthatch",5,6,"scale"
"92","dawn","7_8","Red-headed Woodpecker",16.3333333333333,5,"scale"
"93","dawn","7_8","Red-shouldered Hawk",8.9,5,"scale"
"94","dawn","7_8","Red-tailed Hawk",7,5,"scale"
"95","dawn","7_8","Red-winged Blackbird",15.5571428571428,5,"scale"
"96","dawn","7_8","Rock Pigeon",7.5,11,"scale"
"97","dawn","7_8","Ruby-crowned Kinglet",10.7777777777778,4,"scale"
"98","dawn","7_8","Song Sparrow",13.8888888888889,8,"scale"
"99","dawn","7_8","Tree Swallow",13.5428571428571,12,"scale"
"100","dawn","7_8","Tufted Titmouse",14.5488888888889,5,"scale"
"101","dawn","7_8","White-breasted Nuthatch",7.4047619047619,6,"scale"
"102","dawn","7_8","White-throated Sparrow",13.1625,5,"scale"
"103","dawn","7_8","Wild Turkey",15.1666666666667,5,"scale"
"104","dawn","7_8","Yellow-throated Warbler",9.33333333333333,5,"scale"
"105","dusk","6_7","American Crow",169,5,"regular"
"106","dusk","6_7","American Goldfinch",28,4,"regular"
"107","dusk","6_7","American Robin",536,11,"regular"
"108","dusk","6_7","Baltimore Oriole",11,4,"regular"
"109","dusk","6_7","Barred Owl",49,5,"regular"
"110","dusk","6_7","Black-capped Chickadee",97,13,"regular"
"111","dusk","6_7","Blue Jay",166,6,"regular"
"112","dusk","6_7","Brown Thrasher",204,5,"regular"
"113","dusk","6_7","Brown-headed Cowbird",32,9,"regular"
"114","dusk","6_7","Canada Goose",130,6,"regular"
"115","dusk","6_7","Carolina Chickadee",186,10,"regular"
"116","dusk","6_7","Carolina Wren",94,5,"regular"
"117","dusk","6_7","Cedar Waxwing",64,6,"regular"
"118","dusk","6_7","Chipping Sparrow",7,6,"regular"
"119","dusk","6_7","Common Grackle",69,5,"regular"
"120","dusk","6_7","Downy Woodpecker",37,5,"regular"
"121","dusk","6_7","Eastern Bluebird",67,6,"regular"
"122","dusk","6_7","Eastern Phoebe",6,25,"regular"
"123","dusk","6_7","Eastern Towhee",253,6,"regular"
"124","dusk","6_7","Eurasian Collared-Dove",11,12,"regular"
"125","dusk","6_7","European Starling",137,4,"regular"
"126","dusk","6_7","Field Sparrow",29,5,"regular"
"127","dusk","6_7","Fish Crow",45,5,"regular"
"128","dusk","6_7","Golden-crowned Kinglet",27,6,"regular"
"129","dusk","6_7","Green-winged Teal",32,13,"regular"
"130","dusk","6_7","House Finch",287,6,"regular"
"131","dusk","6_7","House Sparrow",191,4,"regular"
"132","dusk","6_7","Mourning Dove",239,5,"regular"
"133","dusk","6_7","Northern Cardinal",924,5,"regular"
"134","dusk","6_7","Northern Flicker",99,5,"regular"
"135","dusk","6_7","Northern Mockingbird",123,6,"regular"
"136","dusk","6_7","Northern Rough-winged Swallow",10,9,"regular"
"137","dusk","6_7","Pileated Woodpecker",24,13,"regular"
"138","dusk","6_7","Pine Siskin",22,5,"regular"
"139","dusk","6_7","Purple Finch",81,6,"regular"
"140","dusk","6_7","Purple Martin",52,6,"regular"
"141","dusk","6_7","Red-bellied Woodpecker",29,11,"regular"
"142","dusk","6_7","Red-breasted Nuthatch",16,4,"regular"
"143","dusk","6_7","Red-headed Woodpecker",5,8,"regular"
"144","dusk","6_7","Red-shouldered Hawk",17,5,"regular"
"145","dusk","6_7","Red-tailed Hawk",16,6,"regular"
"146","dusk","6_7","Red-winged Blackbird",177,12,"regular"
"147","dusk","6_7","Rock Pigeon",28,7,"regular"
"148","dusk","6_7","Ruby-crowned Kinglet",11,10,"regular"
"149","dusk","6_7","Song Sparrow",141,5,"regular"
"150","dusk","6_7","Tree Swallow",11,4,"regular"
"151","dusk","6_7","Tufted Titmouse",30,5,"regular"
"152","dusk","6_7","White-breasted Nuthatch",264,6,"regular"
"153","dusk","6_7","White-throated Sparrow",408,8,"regular"
"154","dusk","6_7","Wild Turkey",10,11,"regular"
"155","dusk","6_7","American Crow",8.14114832535885,5,"scale"
"156","dusk","6_7","American Goldfinch",12.6666666666667,4,"scale"
"157","dusk","6_7","American Robin",7.49691358024691,10,"scale"
"158","dusk","6_7","Baltimore Oriole",5.5,4,"scale"
"159","dusk","6_7","Barred Owl",9.71428571428571,5,"scale"
"160","dusk","6_7","Black-capped Chickadee",14.1428571428571,11,"scale"
"161","dusk","6_7","Blue Jay",8.82999999999999,5,"scale"
"162","dusk","6_7","Brown Thrasher",19.7333333333333,5,"scale"
"163","dusk","6_7","Brown-headed Cowbird",5.47619047619048,10,"scale"
"164","dusk","6_7","Canada Goose",10.3333333333333,6,"scale"
"165","dusk","6_7","Carolina Chickadee",7.81270903010033,10,"scale"
"166","dusk","6_7","Carolina Wren",6.56666666666667,4,"scale"
"167","dusk","6_7","Cedar Waxwing",12.7916666666667,5,"scale"
"168","dusk","6_7","Chipping Sparrow",3.5,6,"scale"
"169","dusk","6_7","Common Grackle",10.625,9,"scale"
"170","dusk","6_7","Downy Woodpecker",8.08333333333333,9,"scale"
"171","dusk","6_7","Eastern Bluebird",14.1904761904762,5,"scale"
"172","dusk","6_7","Eastern Phoebe",4,25,"scale"
"173","dusk","6_7","Eastern Towhee",12.1353383458647,6,"scale"
"174","dusk","6_7","Eurasian Collared-Dove",7.16666666666667,12,"scale"
"175","dusk","6_7","European Starling",8.01298701298701,9,"scale"
"176","dusk","6_7","Field Sparrow",7.68181818181818,5,"scale"
"177","dusk","6_7","Fish Crow",11.75,7,"scale"
"178","dusk","6_7","Golden-crowned Kinglet",7.41666666666667,6,"scale"
"179","dusk","6_7","Green-winged Teal",8,13,"scale"
"180","dusk","6_7","House Finch",10.2,5,"scale"
"181","dusk","6_7","House Sparrow",6.22368421052632,4,"scale"
"182","dusk","6_7","Mourning Dove",13.4655870445344,5,"scale"
"183","dusk","6_7","Northern Cardinal",16.6478632478632,5,"scale"
"184","dusk","6_7","Northern Flicker",14.1428571428571,5,"scale"
"185","dusk","6_7","Northern Mockingbird",12.7,6,"scale"
"186","dusk","6_7","Northern Rough-winged Swallow",1.83333333333333,13,"scale"
"187","dusk","6_7","Pileated Woodpecker",8.5,9,"scale"
"188","dusk","6_7","Pine Siskin",6.95833333333333,12,"scale"
"189","dusk","6_7","Purple Finch",11.7638888888889,5,"scale"
"190","dusk","6_7","Purple Martin",7.42857142857143,6,"scale"
"191","dusk","6_7","Red-bellied Woodpecker",9.08333333333333,11,"scale"
"192","dusk","6_7","Red-breasted Nuthatch",8.33333333333333,4,"scale"
"193","dusk","6_7","Red-headed Woodpecker",6,3,"scale"
"194","dusk","6_7","Red-shouldered Hawk",5.66666666666667,5,"scale"
"195","dusk","6_7","Red-tailed Hawk",7,6,"scale"
"196","dusk","6_7","Red-winged Blackbird",9.95714285714285,5,"scale"
"197","dusk","6_7","Rock Pigeon",10.4666666666667,5,"scale"
"198","dusk","6_7","Ruby-crowned Kinglet",5.83333333333333,10,"scale"
"199","dusk","6_7","Song Sparrow",12.6969696969697,6,"scale"
"200","dusk","6_7","Tree Swallow",2.75,4,"scale"
"201","dusk","6_7","Tufted Titmouse",7.5,5,"scale"
"202","dusk","6_7","White-breasted Nuthatch",15.1111111111111,4,"scale"
"203","dusk","6_7","White-throated Sparrow",8.81329923273657,9,"scale"
"204","dusk","6_7","Wild Turkey",9.5,11,"scale"
"205","afternoon","6_7","American Crow",138,5,"regular"
"206","afternoon","6_7","American Goldfinch",171,12,"regular"
"207","afternoon","6_7","American Robin",265,6,"regular"
"208","afternoon","6_7","Baltimore Oriole",17,4,"regular"
"209","afternoon","6_7","Barred Owl",12,12,"regular"
"210","afternoon","6_7","Black-capped Chickadee",83,6,"regular"
"211","afternoon","6_7","Blue Jay",213,6,"regular"
"212","afternoon","6_7","Brown Thrasher",19,12,"regular"
"213","afternoon","6_7","Brown-headed Cowbird",82,5,"regular"
"214","afternoon","6_7","Canada Goose",33,7,"regular"
"215","afternoon","6_7","Carolina Chickadee",223,5,"regular"
"216","afternoon","6_7","Carolina Wren",327,5,"regular"
"217","afternoon","6_7","Cedar Waxwing",95,6,"regular"
"218","afternoon","6_7","Chipping Sparrow",31,17,"regular"
"219","afternoon","6_7","Common Grackle",71,5,"regular"
"220","afternoon","6_7","Downy Woodpecker",33,7,"regular"
"221","afternoon","6_7","Eastern Bluebird",217,5,"regular"
"222","afternoon","6_7","Eastern Phoebe",7,33,"regular"
"223","afternoon","6_7","Eastern Towhee",72,5,"regular"
"224","afternoon","6_7","Eurasian Collared-Dove",33,5,"regular"
"225","afternoon","6_7","European Starling",228,5,"regular"
"226","afternoon","6_7","Field Sparrow",37,13,"regular"
"227","afternoon","6_7","Fish Crow",42,6,"regular"
"228","afternoon","6_7","Golden-crowned Kinglet",373,5,"regular"
"229","afternoon","6_7","Green-winged Teal",114,5,"regular"
"230","afternoon","6_7","Hooded Merganser",6,20,"regular"
"231","afternoon","6_7","House Finch",738,5,"regular"
"232","afternoon","6_7","House Sparrow",1124,6,"regular"
"233","afternoon","6_7","Mourning Dove",214,5,"regular"
"234","afternoon","6_7","Northern Cardinal",1498,6,"regular"
"235","afternoon","6_7","Northern Flicker",141,5,"regular"
"236","afternoon","6_7","Northern Mockingbird",65,4,"regular"
"237","afternoon","6_7","Northern Rough-winged Swallow",11,11,"regular"
"238","afternoon","6_7","Pileated Woodpecker",40,6,"regular"
"239","afternoon","6_7","Pine Siskin",44,5,"regular"
"240","afternoon","6_7","Purple Finch",113,12,"regular"
"241","afternoon","6_7","Purple Martin",109,6,"regular"
"242","afternoon","6_7","Red-bellied Woodpecker",164,5,"regular"
"243","afternoon","6_7","Red-breasted Nuthatch",35,10,"regular"
"244","afternoon","6_7","Red-headed Woodpecker",21,4,"regular"
"245","afternoon","6_7","Red-shouldered Hawk",88,4,"regular"
"246","afternoon","6_7","Red-tailed Hawk",21,6,"regular"
"247","afternoon","6_7","Red-winged Blackbird",34,5,"regular"
"248","afternoon","6_7","Rock Pigeon",37,5,"regular"
"249","afternoon","6_7","Ruby-crowned Kinglet",22,4,"regular"
"250","afternoon","6_7","Song Sparrow",281,5,"regular"
"251","afternoon","6_7","Tree Swallow",545,5,"regular"
"252","afternoon","6_7","Tufted Titmouse",1022,5,"regular"
"253","afternoon","6_7","White-breasted Nuthatch",246,5,"regular"
"254","afternoon","6_7","White-throated Sparrow",268,5,"regular"
"255","afternoon","6_7","Wild Turkey",12,12,"regular"
"256","afternoon","6_7","Yellow-throated Warbler",27,5,"regular"
"257","afternoon","6_7","American Crow",9.92760180995475,5,"scale"
"258","afternoon","6_7","American Goldfinch",12.9945054945055,12,"scale"
"259","afternoon","6_7","American Robin",14.4470588235294,6,"scale"
"260","afternoon","6_7","Baltimore Oriole",8.5,4,"scale"
"261","afternoon","6_7","Barred Owl",12,12,"scale"
"262","afternoon","6_7","Black-capped Chickadee",13.8363636363636,5,"scale"
"263","afternoon","6_7","Blue Jay",17.6235294117647,6,"scale"
"264","afternoon","6_7","Brown Thrasher",4.75,12,"scale"
"265","afternoon","6_7","Brown-headed Cowbird",12.547619047619,5,"scale"
"266","afternoon","6_7","Canada Goose",7.44444444444444,4,"scale"
"267","afternoon","6_7","Carolina Chickadee",16.9829545454545,5,"scale"
"268","afternoon","6_7","Carolina Wren",12.6041666666667,5,"scale"
"269","afternoon","6_7","Cedar Waxwing",21.3571428571429,5,"scale"
"270","afternoon","6_7","Chipping Sparrow",6.33333333333333,16,"scale"
"271","afternoon","6_7","Common Grackle",10.3214285714286,5,"scale"
"272","afternoon","6_7","Downy Woodpecker",10.25,5,"scale"
"273","afternoon","6_7","Eastern Bluebird",21.5625,12,"scale"
"274","afternoon","6_7","Eastern Phoebe",4.33333333333333,32,"scale"
"275","afternoon","6_7","Eastern Towhee",12.8333333333333,6,"scale"
"276","afternoon","6_7","Eurasian Collared-Dove",11,5,"scale"
"277","afternoon","6_7","European Starling",15.7846153846154,5,"scale"
"278","afternoon","6_7","Field Sparrow",13.6666666666667,5,"scale"
"279","afternoon","6_7","Fish Crow",10,5,"scale"
"280","afternoon","6_7","Golden-crowned Kinglet",21.0606060606061,6,"scale"
"281","afternoon","6_7","Green-winged Teal",17.5606060606061,11,"scale"
"282","afternoon","6_7","Hooded Merganser",2,20,"scale"
"283","afternoon","6_7","House Finch",24.4960784313725,5,"scale"
"284","afternoon","6_7","House Sparrow",31.4567567567568,5,"scale"
"285","afternoon","6_7","Mourning Dove",21.0535714285714,6,"scale"
"286","afternoon","6_7","Northern Cardinal",27.890522875817,6,"scale"
"287","afternoon","6_7","Northern Flicker",15.1142857142857,5,"scale"
"288","afternoon","6_7","Northern Mockingbird",12.7,6,"scale"
"289","afternoon","6_7","Northern Rough-winged Swallow",6.33333333333333,11,"scale"
"290","afternoon","6_7","Pileated Woodpecker",14.8333333333333,6,"scale"
"291","afternoon","6_7","Pine Siskin",10.85,6,"scale"
"292","afternoon","6_7","Purple Finch",15.4444444444444,5,"scale"
"293","afternoon","6_7","Purple Martin",26.4166666666666,6,"scale"
"294","afternoon","6_7","Red-bellied Woodpecker",12.4761904761905,5,"scale"
"295","afternoon","6_7","Red-breasted Nuthatch",15.5,6,"scale"
"296","afternoon","6_7","Red-headed Woodpecker",10,10,"scale"
"297","afternoon","6_7","Red-shouldered Hawk",13.5230769230769,4,"scale"
"298","afternoon","6_7","Red-tailed Hawk",7.95454545454545,8,"scale"
"299","afternoon","6_7","Red-winged Blackbird",12,11,"scale"
"300","afternoon","6_7","Rock Pigeon",9.35,5,"scale"
"301","afternoon","6_7","Ruby-crowned Kinglet",8.83333333333333,5,"scale"
"302","afternoon","6_7","Song Sparrow",23.2833333333333,5,"scale"
"303","afternoon","6_7","Tree Swallow",22.1161904761905,5,"scale"
"304","afternoon","6_7","Tufted Titmouse",25.8923959827833,5,"scale"
"305","afternoon","6_7","White-breasted Nuthatch",15.1654411764706,5,"scale"
"306","afternoon","6_7","White-throated Sparrow",20.7878787878788,5,"scale"
"307","afternoon","6_7","Wild Turkey",6,12,"scale"
"308","afternoon","6_7","Yellow-throated Warbler",7.83333333333333,5,"scale"
"309","afternoon","6_9","American Crow",306,5,"regular"
"310","afternoon","6_9","American Goldfinch",198,5,"regular"
"311","afternoon","6_9","American Robin",265,5,"regular"
"312","afternoon","6_9","Baltimore Oriole",14,12,"regular"
"313","afternoon","6_9","Barred Owl",12,11,"regular"
"314","afternoon","6_9","Black-capped Chickadee",44,8,"regular"
"315","afternoon","6_9","Blue Jay",264,11,"regular"
"316","afternoon","6_9","Brown Thrasher",43,5,"regular"
"317","afternoon","6_9","Brown-headed Cowbird",73,6,"regular"
"318","afternoon","6_9","Canada Goose",192,12,"regular"
"319","afternoon","6_9","Carolina Chickadee",254,5,"regular"
"320","afternoon","6_9","Carolina Wren",328,6,"regular"
"321","afternoon","6_9","Cedar Waxwing",156,5,"regular"
"322","afternoon","6_9","Chipping Sparrow",37,8,"regular"
"323","afternoon","6_9","Common Grackle",94,5,"regular"
"324","afternoon","6_9","Downy Woodpecker",36,5,"regular"
"325","afternoon","6_9","Eastern Bluebird",159,5,"regular"
"326","afternoon","6_9","Eastern Phoebe",30,17,"regular"
"327","afternoon","6_9","Eastern Towhee",129,5,"regular"
"328","afternoon","6_9","Eurasian Collared-Dove",33,5,"regular"
"329","afternoon","6_9","European Starling",414,5,"regular"
"330","afternoon","6_9","Field Sparrow",85,6,"regular"
"331","afternoon","6_9","Fish Crow",85,4,"regular"
"332","afternoon","6_9","Golden-crowned Kinglet",358,6,"regular"
"333","afternoon","6_9","Green-winged Teal",101,5,"regular"
"334","afternoon","6_9","Hooded Merganser",13,5,"regular"
"335","afternoon","6_9","House Finch",794,5,"regular"
"336","afternoon","6_9","House Sparrow",1584,5,"regular"
"337","afternoon","6_9","Mourning Dove",330,5,"regular"
"338","afternoon","6_9","Northern Cardinal",958,5,"regular"
"339","afternoon","6_9","Northern Flicker",183,5,"regular"
"340","afternoon","6_9","Northern Mockingbird",177,5,"regular"
"341","afternoon","6_9","Northern Rough-winged Swallow",12,7,"regular"
"342","afternoon","6_9","Pileated Woodpecker",55,5,"regular"
"343","afternoon","6_9","Pine Siskin",39,4,"regular"
"344","afternoon","6_9","Purple Finch",135,6,"regular"
"345","afternoon","6_9","Purple Martin",85,6,"regular"
"346","afternoon","6_9","Red-bellied Woodpecker",137,11,"regular"
"347","afternoon","6_9","Red-breasted Nuthatch",17,5,"regular"
"348","afternoon","6_9","Red-headed Woodpecker",35,5,"regular"
"349","afternoon","6_9","Red-shouldered Hawk",105,4,"regular"
"350","afternoon","6_9","Red-tailed Hawk",21,5,"regular"
"351","afternoon","6_9","Red-winged Blackbird",401,6,"regular"
"352","afternoon","6_9","Rock Pigeon",34,4,"regular"
"353","afternoon","6_9","Ruby-crowned Kinglet",23,10,"regular"
"354","afternoon","6_9","Song Sparrow",408,5,"regular"
"355","afternoon","6_9","Tree Swallow",581,5,"regular"
"356","afternoon","6_9","Tufted Titmouse",951,5,"regular"
"357","afternoon","6_9","White-breasted Nuthatch",245,5,"regular"
"358","afternoon","6_9","White-throated Sparrow",106,5,"regular"
"359","afternoon","6_9","Wild Turkey",15,7,"regular"
"360","afternoon","6_9","Yellow-throated Warbler",45,12,"regular"
"361","afternoon","6_9","American Crow",21.5798319327731,5,"scale"
"362","afternoon","6_9","American Goldfinch",13.9346153846154,5,"scale"
"363","afternoon","6_9","American Robin",14.4613003095975,5,"scale"
"364","afternoon","6_9","Baltimore Oriole",7,12,"scale"
"365","afternoon","6_9","Barred Owl",14.3333333333333,6,"scale"
"366","afternoon","6_9","Black-capped Chickadee",20.1,5,"scale"
"367","afternoon","6_9","Blue Jay",18.1176470588235,5,"scale"
"368","afternoon","6_9","Brown Thrasher",12.9166666666667,6,"scale"
"369","afternoon","6_9","Brown-headed Cowbird",12.1666666666667,6,"scale"
"370","afternoon","6_9","Canada Goose",11.0882352941176,12,"scale"
"371","afternoon","6_9","Carolina Chickadee",17.3660714285714,6,"scale"
"372","afternoon","6_9","Carolina Wren",15.1294642857143,6,"scale"
"373","afternoon","6_9","Cedar Waxwing",22.1607142857143,5,"scale"
"374","afternoon","6_9","Chipping Sparrow",5.33333333333333,11,"scale"
"375","afternoon","6_9","Common Grackle",17.3333333333333,5,"scale"
"376","afternoon","6_9","Downy Woodpecker",10.8333333333333,6,"scale"
"377","afternoon","6_9","Eastern Bluebird",20,5,"scale"
"378","afternoon","6_9","Eastern Phoebe",6.85714285714286,17,"scale"
"379","afternoon","6_9","Eastern Towhee",17.7666666666667,5,"scale"
"380","afternoon","6_9","Eurasian Collared-Dove",9.25,7,"scale"
"381","afternoon","6_9","European Starling",24.2179487179487,6,"scale"
"382","afternoon","6_9","Field Sparrow",14.3095238095238,5,"scale"
"383","afternoon","6_9","Fish Crow",17.6666666666667,8,"scale"
"384","afternoon","6_9","Golden-crowned Kinglet",16.0272727272727,6,"scale"
"385","afternoon","6_9","Green-winged Teal",18.1666666666667,5,"scale"
"386","afternoon","6_9","Hooded Merganser",7.66666666666667,6,"scale"
"387","afternoon","6_9","House Finch",23.019298245614,11,"scale"
"388","afternoon","6_9","House Sparrow",28.2967873533911,5,"scale"
"389","afternoon","6_9","Mourning Dove",21.474025974026,5,"scale"
"390","afternoon","6_9","Northern Cardinal",17.657616892911,5,"scale"
"391","afternoon","6_9","Northern Flicker",15.7272727272727,12,"scale"
"392","afternoon","6_9","Northern Mockingbird",14.4153846153846,5,"scale"
"393","afternoon","6_9","Northern Rough-winged Swallow",8.66666666666667,7,"scale"
"394","afternoon","6_9","Pileated Woodpecker",16.1904761904762,6,"scale"
"395","afternoon","6_9","Pine Siskin",9.75,4,"scale"
"396","afternoon","6_9","Purple Finch",26.8333333333333,6,"scale"
"397","afternoon","6_9","Purple Martin",24.625,6,"scale"
"398","afternoon","6_9","Red-bellied Woodpecker",10.8285714285714,5,"scale"
"399","afternoon","6_9","Red-breasted Nuthatch",16,6,"scale"
"400","afternoon","6_9","Red-headed Woodpecker",9.83333333333333,5,"scale"
"401","afternoon","6_9","Red-shouldered Hawk",9.57342657342658,4,"scale"
"402","afternoon","6_9","Red-tailed Hawk",10.6666666666667,4,"scale"
"403","afternoon","6_9","Red-winged Blackbird",28.6,5,"scale"
"404","afternoon","6_9","Rock Pigeon",13.6,5,"scale"
"405","afternoon","6_9","Ruby-crowned Kinglet",5.13333333333333,12,"scale"
"406","afternoon","6_9","Song Sparrow",28.8333333333333,5,"scale"
"407","afternoon","6_9","Tree Swallow",21.445,5,"scale"
"408","afternoon","6_9","Tufted Titmouse",25.3858093126386,5,"scale"
"409","afternoon","6_9","White-breasted Nuthatch",16.3557692307692,6,"scale"
"410","afternoon","6_9","White-throated Sparrow",22.0666666666667,6,"scale"
"411","afternoon","6_9","Wild Turkey",15,7,"scale"
"412","afternoon","6_9","Yellow-throated Warbler",13.1666666666667,4,"scale"
"413","afternoon","7_9","American Crow",220,12,"regular"
"414","afternoon","7_9","American Goldfinch",263,5,"regular"
"415","afternoon","7_9","American Robin",427,5,"regular"
"416","afternoon","7_9","Baltimore Oriole",12,15,"regular"
"417","afternoon","7_9","Barred Owl",8,10,"regular"
"418","afternoon","7_9","Black-capped Chickadee",63,5,"regular"
"419","afternoon","7_9","Blue Jay",378,5,"regular"
"420","afternoon","7_9","Brown Thrasher",31,6,"regular"
"421","afternoon","7_9","Brown-headed Cowbird",114,5,"regular"
"422","afternoon","7_9","Canada Goose",209,5,"regular"
"423","afternoon","7_9","Carolina Chickadee",156,5,"regular"
"424","afternoon","7_9","Carolina Wren",176,6,"regular"
"425","afternoon","7_9","Cedar Waxwing",132,11,"regular"
"426","afternoon","7_9","Chipping Sparrow",13,2,"regular"
"427","afternoon","7_9","Common Grackle",94,5,"regular"
"428","afternoon","7_9","Downy Woodpecker",16,9,"regular"
"429","afternoon","7_9","Eastern Bluebird",224,6,"regular"
"430","afternoon","7_9","Eastern Phoebe",33,6,"regular"
"431","afternoon","7_9","Eastern Towhee",110,4,"regular"
"432","afternoon","7_9","Eurasian Collared-Dove",31,12,"regular"
"433","afternoon","7_9","European Starling",393,5,"regular"
"434","afternoon","7_9","Field Sparrow",97,6,"regular"
"435","afternoon","7_9","Fish Crow",76,7,"regular"
"436","afternoon","7_9","Golden-crowned Kinglet",36,4,"regular"
"437","afternoon","7_9","Green-winged Teal",153,6,"regular"
"438","afternoon","7_9","Hooded Merganser",6,15,"regular"
"439","afternoon","7_9","House Finch",605,10,"regular"
"440","afternoon","7_9","House Sparrow",1250,12,"regular"
"441","afternoon","7_9","Mourning Dove",305,6,"regular"
"442","afternoon","7_9","Northern Cardinal",1279,5,"regular"
"443","afternoon","7_9","Northern Flicker",188,5,"regular"
"444","afternoon","7_9","Northern Mockingbird",160,5,"regular"
"445","afternoon","7_9","Northern Rough-winged Swallow",7,7,"regular"
"446","afternoon","7_9","Pileated Woodpecker",44,5,"regular"
"447","afternoon","7_9","Pine Siskin",33,11,"regular"
"448","afternoon","7_9","Purple Finch",122,5,"regular"
"449","afternoon","7_9","Purple Martin",100,6,"regular"
"450","afternoon","7_9","Red-bellied Woodpecker",106,6,"regular"
"451","afternoon","7_9","Red-breasted Nuthatch",28,11,"regular"
"452","afternoon","7_9","Red-headed Woodpecker",23,16,"regular"
"453","afternoon","7_9","Red-shouldered Hawk",85,7,"regular"
"454","afternoon","7_9","Red-tailed Hawk",30,14,"regular"
"455","afternoon","7_9","Red-winged Blackbird",340,6,"regular"
"456","afternoon","7_9","Rock Pigeon",28,6,"regular"
"457","afternoon","7_9","Ruby-crowned Kinglet",34,5,"regular"
"458","afternoon","7_9","Song Sparrow",388,5,"regular"
"459","afternoon","7_9","Tree Swallow",422,5,"regular"
"460","afternoon","7_9","Tufted Titmouse",744,5,"regular"
"461","afternoon","7_9","White-breasted Nuthatch",171,5,"regular"
"462","afternoon","7_9","White-throated Sparrow",261,4,"regular"
"463","afternoon","7_9","Wild Turkey",16,4,"regular"
"464","afternoon","7_9","Yellow-throated Warbler",48,5,"regular"
"465","afternoon","7_9","American Crow",19.8791208791209,5,"scale"
"466","afternoon","7_9","American Goldfinch",16.0142857142857,5,"scale"
"467","afternoon","7_9","American Robin",22.3289473684211,5,"scale"
"468","afternoon","7_9","Baltimore Oriole",6,15,"scale"
"469","afternoon","7_9","Barred Owl",14,7,"scale"
"470","afternoon","7_9","Black-capped Chickadee",22.5454545454546,5,"scale"
"471","afternoon","7_9","Blue Jay",22.1222222222222,6,"scale"
"472","afternoon","7_9","Brown Thrasher",10,6,"scale"
"473","afternoon","7_9","Brown-headed Cowbird",17.7142857142857,5,"scale"
"474","afternoon","7_9","Canada Goose",13.0653594771242,5,"scale"
"475","afternoon","7_9","Carolina Chickadee",13.8571428571429,5,"scale"
"476","afternoon","7_9","Carolina Wren",13.3095238095238,6,"scale"
"477","afternoon","7_9","Cedar Waxwing",19.75,11,"scale"
"478","afternoon","7_9","Chipping Sparrow",1.16666666666667,2,"scale"
"479","afternoon","7_9","Common Grackle",12.9761904761905,11,"scale"
"480","afternoon","7_9","Downy Woodpecker",8.5,9,"scale"
"481","afternoon","7_9","Eastern Bluebird",15.3958333333333,5,"scale"
"482","afternoon","7_9","Eastern Phoebe",5.19047619047619,6,"scale"
"483","afternoon","7_9","Eastern Towhee",13.85,5,"scale"
"484","afternoon","7_9","Eurasian Collared-Dove",10.4166666666667,12,"scale"
"485","afternoon","7_9","European Starling",21.5777777777778,5,"scale"
"486","afternoon","7_9","Field Sparrow",17.6428571428571,11,"scale"
"487","afternoon","7_9","Fish Crow",11.8809523809524,8,"scale"
"488","afternoon","7_9","Golden-crowned Kinglet",14.4,4,"scale"
"489","afternoon","7_9","Green-winged Teal",21.3636363636364,5,"scale"
"490","afternoon","7_9","Hooded Merganser",6,15,"scale"
"491","afternoon","7_9","House Finch",16.9659442724458,10,"scale"
"492","afternoon","7_9","House Sparrow",31.9509433962264,5,"scale"
"493","afternoon","7_9","Mourning Dove",24.9090909090909,5,"scale"
"494","afternoon","7_9","Northern Cardinal",22.5865384615385,5,"scale"
"495","afternoon","7_9","Northern Flicker",16.1636363636364,10,"scale"
"496","afternoon","7_9","Northern Mockingbird",16.3846153846154,6,"scale"
"497","afternoon","7_9","Northern Rough-winged Swallow",2.33333333333333,7,"scale"
"498","afternoon","7_9","Pileated Woodpecker",7.35714285714286,10,"scale"
"499","afternoon","7_9","Pine Siskin",10.9,6,"scale"
"500","afternoon","7_9","Purple Finch",24.4444444444444,5,"scale"
"501","afternoon","7_9","Purple Martin",16.7083333333333,11,"scale"
"502","afternoon","7_9","Red-bellied Woodpecker",12.5777777777778,5,"scale"
"503","afternoon","7_9","Red-breasted Nuthatch",10.5,4,"scale"
"504","afternoon","7_9","Red-headed Woodpecker",8.66666666666667,11,"scale"
"505","afternoon","7_9","Red-shouldered Hawk",13.0727272727273,12,"scale"
"506","afternoon","7_9","Red-tailed Hawk",9.84848484848484,13,"scale"
"507","afternoon","7_9","Red-winged Blackbird",22.7166666666667,5,"scale"
"508","afternoon","7_9","Rock Pigeon",11.5,6,"scale"
"509","afternoon","7_9","Ruby-crowned Kinglet",10.3,9,"scale"
"510","afternoon","7_9","Song Sparrow",24.275,5,"scale"
"511","afternoon","7_9","Tree Swallow",20.2589285714286,5,"scale"
"512","afternoon","7_9","Tufted Titmouse",25.0882352941176,6,"scale"
"513","afternoon","7_9","White-breasted Nuthatch",11.7330316742081,6,"scale"
"514","afternoon","7_9","White-throated Sparrow",23.2606060606061,5,"scale"
"515","afternoon","7_9","Wild Turkey",16.5,4,"scale"
"516","afternoon","7_9","Yellow-throated Warbler",9.83333333333333,5,"scale"
"517","afternoon","6_8","American Crow",520,5,"regular"
"518","afternoon","6_8","American Goldfinch",181,5,"regular"
"519","afternoon","6_8","American Robin",497,5,"regular"
"520","afternoon","6_8","Baltimore Oriole",28,11,"regular"
"521","afternoon","6_8","Barred Owl",24,5,"regular"
"522","afternoon","6_8","Black-capped Chickadee",76,4,"regular"
"523","afternoon","6_8","Blue Jay",156,12,"regular"
"524","afternoon","6_8","Brown Thrasher",26,5,"regular"
"525","afternoon","6_8","Brown-headed Cowbird",25,13,"regular"
"526","afternoon","6_8","Canada Goose",268,5,"regular"
"527","afternoon","6_8","Carolina Chickadee",341,6,"regular"
"528","afternoon","6_8","Carolina Wren",325,4,"regular"
"529","afternoon","6_8","Cedar Waxwing",90,9,"regular"
"530","afternoon","6_8","Chipping Sparrow",31,12,"regular"
"531","afternoon","6_8","Common Grackle",56,4,"regular"
"532","afternoon","6_8","Downy Woodpecker",163,6,"regular"
"533","afternoon","6_8","Eastern Bluebird",195,7,"regular"
"534","afternoon","6_8","Eastern Phoebe",26,14,"regular"
"535","afternoon","6_8","Eastern Towhee",226,6,"regular"
"536","afternoon","6_8","Eurasian Collared-Dove",39,5,"regular"
"537","afternoon","6_8","European Starling",288,5,"regular"
"538","afternoon","6_8","Field Sparrow",78,5,"regular"
"539","afternoon","6_8","Fish Crow",58,5,"regular"
"540","afternoon","6_8","Golden-crowned Kinglet",374,6,"regular"
"541","afternoon","6_8","Green-winged Teal",125,11,"regular"
"542","afternoon","6_8","Hooded Merganser",20,5,"regular"
"543","afternoon","6_8","House Finch",609,10,"regular"
"544","afternoon","6_8","House Sparrow",1525,5,"regular"
"545","afternoon","6_8","Mourning Dove",213,12,"regular"
"546","afternoon","6_8","Northern Cardinal",1194,5,"regular"
"547","afternoon","6_8","Northern Flicker",307,5,"regular"
"548","afternoon","6_8","Northern Mockingbird",138,6,"regular"
"549","afternoon","6_8","Northern Rough-winged Swallow",28,11,"regular"
"550","afternoon","6_8","Pileated Woodpecker",132,5,"regular"
"551","afternoon","6_8","Pine Siskin",46,5,"regular"
"552","afternoon","6_8","Purple Finch",126,5,"regular"
"553","afternoon","6_8","Purple Martin",75,10,"regular"
"554","afternoon","6_8","Red-bellied Woodpecker",188,5,"regular"
"555","afternoon","6_8","Red-breasted Nuthatch",21,11,"regular"
"556","afternoon","6_8","Red-headed Woodpecker",38,4,"regular"
"557","afternoon","6_8","Red-shouldered Hawk",109,5,"regular"
"558","afternoon","6_8","Red-tailed Hawk",14,5,"regular"
"559","afternoon","6_8","Red-winged Blackbird",163,5,"regular"
"560","afternoon","6_8","Rock Pigeon",93,6,"regular"
"561","afternoon","6_8","Ruby-crowned Kinglet",24,4,"regular"
"562","afternoon","6_8","Song Sparrow",383,5,"regular"
"563","afternoon","6_8","Tree Swallow",548,11,"regular"
"564","afternoon","6_8","Tufted Titmouse",1175,5,"regular"
"565","afternoon","6_8","White-breasted Nuthatch",214,6,"regular"
"566","afternoon","6_8","White-throated Sparrow",158,12,"regular"
"567","afternoon","6_8","Wild Turkey",40,7,"regular"
"568","afternoon","6_8","Yellow-throated Warbler",134,5,"regular"
"569","afternoon","6_8","American Crow",26.2617647058824,5,"scale"
"570","afternoon","6_8","American Goldfinch",13.3981900452489,7,"scale"
"571","afternoon","6_8","American Robin",14.7523219814242,5,"scale"
"572","afternoon","6_8","Baltimore Oriole",9.9,11,"scale"
"573","afternoon","6_8","Barred Owl",13.6666666666667,13,"scale"
"574","afternoon","6_8","Black-capped Chickadee",15.1,4,"scale"
"575","afternoon","6_8","Blue Jay",9.65808823529412,11,"scale"
"576","afternoon","6_8","Brown Thrasher",9,5,"scale"
"577","afternoon","6_8","Brown-headed Cowbird",11.8333333333333,4,"scale"
"578","afternoon","6_8","Canada Goose",15.6,5,"scale"
"579","afternoon","6_8","Carolina Chickadee",16.1633064516129,5,"scale"
"580","afternoon","6_8","Carolina Wren",14.1339285714286,5,"scale"
"581","afternoon","6_8","Cedar Waxwing",23.5357142857143,5,"scale"
"582","afternoon","6_8","Chipping Sparrow",6.58333333333333,11,"scale"
"583","afternoon","6_8","Common Grackle",11.5,5,"scale"
"584","afternoon","6_8","Downy Woodpecker",13.75,10,"scale"
"585","afternoon","6_8","Eastern Bluebird",22.5833333333333,7,"scale"
"586","afternoon","6_8","Eastern Phoebe",3.61538461538462,14,"scale"
"587","afternoon","6_8","Eastern Towhee",15.0686274509804,6,"scale"
"588","afternoon","6_8","Eurasian Collared-Dove",11.3333333333333,6,"scale"
"589","afternoon","6_8","European Starling",19.6730769230769,12,"scale"
"590","afternoon","6_8","Field Sparrow",16.6666666666667,6,"scale"
"591","afternoon","6_8","Fish Crow",12.5714285714286,6,"scale"
"592","afternoon","6_8","Golden-crowned Kinglet",14.8506493506494,12,"scale"
"593","afternoon","6_8","Green-winged Teal",20.3333333333333,10,"scale"
"594","afternoon","6_8","Hooded Merganser",9.66666666666667,5,"scale"
"595","afternoon","6_8","House Finch",20.3,10,"scale"
"596","afternoon","6_8","House Sparrow",40.2539682539683,5,"scale"
"597","afternoon","6_8","Mourning Dove",23.4220779220779,5,"scale"
"598","afternoon","6_8","Northern Cardinal",24.280637254902,5,"scale"
"599","afternoon","6_8","Northern Flicker",15.4642857142857,5,"scale"
"600","afternoon","6_8","Northern Mockingbird",12.3333333333333,5,"scale"
"601","afternoon","6_8","Northern Rough-winged Swallow",9.63636363636364,12,"scale"
"602","afternoon","6_8","Pileated Woodpecker",19.2857142857143,5,"scale"
"603","afternoon","6_8","Pine Siskin",12.25,5,"scale"
"604","afternoon","6_8","Purple Finch",15.9761904761905,10,"scale"
"605","afternoon","6_8","Purple Martin",22.625,5,"scale"
"606","afternoon","6_8","Red-bellied Woodpecker",13.4642857142857,6,"scale"
"607","afternoon","6_8","Red-breasted Nuthatch",15.6666666666667,6,"scale"
"608","afternoon","6_8","Red-headed Woodpecker",9.53333333333333,5,"scale"
"609","afternoon","6_8","Red-shouldered Hawk",12.5811965811966,5,"scale"
"610","afternoon","6_8","Red-tailed Hawk",7,5,"scale"
"611","afternoon","6_8","Red-winged Blackbird",20.375,5,"scale"
"612","afternoon","6_8","Rock Pigeon",13.0857142857143,11,"scale"
"613","afternoon","6_8","Ruby-crowned Kinglet",8,4,"scale"
"614","afternoon","6_8","Song Sparrow",26.4166666666667,5,"scale"
"615","afternoon","6_8","Tree Swallow",21.84,12,"scale"
"616","afternoon","6_8","Tufted Titmouse",26.9014227642276,5,"scale"
"617","afternoon","6_8","White-breasted Nuthatch",17.475,6,"scale"
"618","afternoon","6_8","White-throated Sparrow",18.5833333333333,12,"scale"
"619","afternoon","6_8","Wild Turkey",14,6,"scale"
"620","afternoon","6_8","Yellow-throated Warbler",17,12,"scale"
"621","afternoon","7_8","American Crow",466,5,"regular"
"622","afternoon","7_8","American Goldfinch",185,11,"regular"
"623","afternoon","7_8","American Robin",493,5,"regular"
"624","afternoon","7_8","Baltimore Oriole",27,5,"regular"
"625","afternoon","7_8","Barred Owl",28,4,"regular"
"626","afternoon","7_8","Black-capped Chickadee",79,5,"regular"
"627","afternoon","7_8","Blue Jay",150,6,"regular"
"628","afternoon","7_8","Brown Thrasher",21,5,"regular"
"629","afternoon","7_8","Brown-headed Cowbird",84,5,"regular"
"630","afternoon","7_8","Canada Goose",253,5,"regular"
"631","afternoon","7_8","Carolina Chickadee",320,5,"regular"
"632","afternoon","7_8","Carolina Wren",195,4,"regular"
"633","afternoon","7_8","Cedar Waxwing",74,5,"regular"
"634","afternoon","7_8","Chipping Sparrow",23,5,"regular"
"635","afternoon","7_8","Common Grackle",74,5,"regular"
"636","afternoon","7_8","Downy Woodpecker",173,5,"regular"
"637","afternoon","7_8","Eastern Bluebird",216,5,"regular"
"638","afternoon","7_8","Eastern Phoebe",32,9,"regular"
"639","afternoon","7_8","Eastern Towhee",225,6,"regular"
"640","afternoon","7_8","Eurasian Collared-Dove",27,6,"regular"
"641","afternoon","7_8","European Starling",281,5,"regular"
"642","afternoon","7_8","Field Sparrow",79,4,"regular"
"643","afternoon","7_8","Fish Crow",56,6,"regular"
"644","afternoon","7_8","Golden-crowned Kinglet",30,13,"regular"
"645","afternoon","7_8","Green-winged Teal",164,5,"regular"
"646","afternoon","7_8","Hooded Merganser",14,20,"regular"
"647","afternoon","7_8","House Finch",743,5,"regular"
"648","afternoon","7_8","House Sparrow",1116,6,"regular"
"649","afternoon","7_8","Mourning Dove",253,5,"regular"
"650","afternoon","7_8","Northern Cardinal",1217,5,"regular"
"651","afternoon","7_8","Northern Flicker",351,6,"regular"
"652","afternoon","7_8","Northern Mockingbird",126,6,"regular"
"653","afternoon","7_8","Northern Rough-winged Swallow",29,10,"regular"
"654","afternoon","7_8","Pileated Woodpecker",111,11,"regular"
"655","afternoon","7_8","Pine Siskin",39,12,"regular"
"656","afternoon","7_8","Purple Finch",101,5,"regular"
"657","afternoon","7_8","Purple Martin",109,6,"regular"
"658","afternoon","7_8","Red-bellied Woodpecker",96,7,"regular"
"659","afternoon","7_8","Red-breasted Nuthatch",27,7,"regular"
"660","afternoon","7_8","Red-headed Woodpecker",46,11,"regular"
"661","afternoon","7_8","Red-shouldered Hawk",78,12,"regular"
"662","afternoon","7_8","Red-tailed Hawk",22,4,"regular"
"663","afternoon","7_8","Red-winged Blackbird",146,5,"regular"
"664","afternoon","7_8","Rock Pigeon",88,7,"regular"
"665","afternoon","7_8","Ruby-crowned Kinglet",29,7,"regular"
"666","afternoon","7_8","Song Sparrow",276,6,"regular"
"667","afternoon","7_8","Tree Swallow",670,6,"regular"
"668","afternoon","7_8","Tufted Titmouse",1043,5,"regular"
"669","afternoon","7_8","White-breasted Nuthatch",187,5,"regular"
"670","afternoon","7_8","White-throated Sparrow",312,5,"regular"
"671","afternoon","7_8","Wild Turkey",52,12,"regular"
"672","afternoon","7_8","Yellow-throated Warbler",115,5,"regular"
"673","afternoon","7_8","American Crow",23.6653846153846,5,"scale"
"674","afternoon","7_8","American Goldfinch",11.4117647058823,11,"scale"
"675","afternoon","7_8","American Robin",16.4078947368421,5,"scale"
"676","afternoon","7_8","Baltimore Oriole",9.1,6,"scale"
"677","afternoon","7_8","Barred Owl",18.6666666666667,5,"scale"
"678","afternoon","7_8","Black-capped Chickadee",11.5757575757576,5,"scale"
"679","afternoon","7_8","Blue Jay",14.55,5,"scale"
"680","afternoon","7_8","Brown Thrasher",7,5,"scale"
"681","afternoon","7_8","Brown-headed Cowbird",16.4285714285714,12,"scale"
"682","afternoon","7_8","Canada Goose",11.0555555555556,6,"scale"
"683","afternoon","7_8","Carolina Chickadee",14.8651026392962,5,"scale"
"684","afternoon","7_8","Carolina Wren",14.9880952380952,4,"scale"
"685","afternoon","7_8","Cedar Waxwing",18.5,5,"scale"
"686","afternoon","7_8","Chipping Sparrow",6.25,5,"scale"
"687","afternoon","7_8","Common Grackle",13.7428571428571,5,"scale"
"688","afternoon","7_8","Downy Woodpecker",12.875,6,"scale"
"689","afternoon","7_8","Eastern Bluebird",14.6875,12,"scale"
"690","afternoon","7_8","Eastern Phoebe",3.71794871794872,4,"scale"
"691","afternoon","7_8","Eastern Towhee",14.3088235294118,6,"scale"
"692","afternoon","7_8","Eurasian Collared-Dove",9.33333333333333,5,"scale"
"693","afternoon","7_8","European Starling",22.6333333333333,5,"scale"
"694","afternoon","7_8","Field Sparrow",18.25,10,"scale"
"695","afternoon","7_8","Fish Crow",8,6,"scale"
"696","afternoon","7_8","Golden-crowned Kinglet",14.0952380952381,6,"scale"
"697","afternoon","7_8","Green-winged Teal",16.5757575757576,5,"scale"
"698","afternoon","7_8","Hooded Merganser",8,27,"scale"
"699","afternoon","7_8","House Finch",24.6117647058824,5,"scale"
"700","afternoon","7_8","House Sparrow",24.2511904761905,5,"scale"
"701","afternoon","7_8","Mourning Dove",26.4545454545454,5,"scale"
"702","afternoon","7_8","Northern Cardinal",24.5069444444445,6,"scale"
"703","afternoon","7_8","Northern Flicker",21.8857142857143,6,"scale"
"704","afternoon","7_8","Northern Mockingbird",17.75,6,"scale"
"705","afternoon","7_8","Northern Rough-winged Swallow",4.36363636363636,14,"scale"
"706","afternoon","7_8","Pileated Woodpecker",11.5714285714286,5,"scale"
"707","afternoon","7_8","Pine Siskin",8.22857142857143,12,"scale"
"708","afternoon","7_8","Purple Finch",15.3333333333333,13,"scale"
"709","afternoon","7_8","Purple Martin",19.2083333333333,5,"scale"
"710","afternoon","7_8","Red-bellied Woodpecker",10.0833333333333,7,"scale"
"711","afternoon","7_8","Red-breasted Nuthatch",11,4,"scale"
"712","afternoon","7_8","Red-headed Woodpecker",12.4,12,"scale"
"713","afternoon","7_8","Red-shouldered Hawk",14.0666666666667,12,"scale"
"714","afternoon","7_8","Red-tailed Hawk",8.27272727272727,12,"scale"
"715","afternoon","7_8","Red-winged Blackbird",20.375,5,"scale"
"716","afternoon","7_8","Rock Pigeon",15.4642857142857,4,"scale"
"717","afternoon","7_8","Ruby-crowned Kinglet",13,5,"scale"
"718","afternoon","7_8","Song Sparrow",15.4222222222222,6,"scale"
"719","afternoon","7_8","Tree Swallow",26.7771428571429,6,"scale"
"720","afternoon","7_8","Tufted Titmouse",23.2303921568627,5,"scale"
"721","afternoon","7_8","White-breasted Nuthatch",16.2882352941176,5,"scale"
"722","afternoon","7_8","White-throated Sparrow",18.6363636363637,12,"scale"
"723","afternoon","7_8","Wild Turkey",17.5,6,"scale"
"724","afternoon","7_8","Yellow-throated Warbler",19.8333333333333,5,"scale"
"725","afternoon","8_9","American Crow",583,5,"regular"
"726","afternoon","8_9","American Goldfinch",229,5,"regular"
"727","afternoon","8_9","American Robin",478,5,"regular"
"728","afternoon","8_9","Baltimore Oriole",33,4,"regular"
"729","afternoon","8_9","Barred Owl",24,4,"regular"
"730","afternoon","8_9","Black-capped Chickadee",46,6,"regular"
"731","afternoon","8_9","Blue Jay",342,6,"regular"
"732","afternoon","8_9","Brown Thrasher",28,6,"regular"
"733","afternoon","8_9","Brown-headed Cowbird",55,7,"regular"
"734","afternoon","8_9","Canada Goose",304,5,"regular"
"735","afternoon","8_9","Carolina Chickadee",353,5,"regular"
"736","afternoon","8_9","Carolina Wren",227,5,"regular"
"737","afternoon","8_9","Cedar Waxwing",131,12,"regular"
"738","afternoon","8_9","Chipping Sparrow",28,6,"regular"
"739","afternoon","8_9","Common Grackle",86,5,"regular"
"740","afternoon","8_9","Downy Woodpecker",166,5,"regular"
"741","afternoon","8_9","Eastern Bluebird",175,5,"regular"
"742","afternoon","8_9","Eastern Phoebe",43,13,"regular"
"743","afternoon","8_9","Eastern Towhee",224,6,"regular"
"744","afternoon","8_9","Eurasian Collared-Dove",39,5,"regular"
"745","afternoon","8_9","European Starling",322,5,"regular"
"746","afternoon","8_9","Field Sparrow",104,5,"regular"
"747","afternoon","8_9","Fish Crow",75,5,"regular"
"748","afternoon","8_9","Golden-crowned Kinglet",37,5,"regular"
"749","afternoon","8_9","Green-winged Teal",110,5,"regular"
"750","afternoon","8_9","Hooded Merganser",13,5,"regular"
"751","afternoon","8_9","House Finch",739,6,"regular"
"752","afternoon","8_9","House Sparrow",1870,5,"regular"
"753","afternoon","8_9","Mourning Dove",295,5,"regular"
"754","afternoon","8_9","Northern Cardinal",861,11,"regular"
"755","afternoon","8_9","Northern Flicker",378,6,"regular"
"756","afternoon","8_9","Northern Mockingbird",247,5,"regular"
"757","afternoon","8_9","Northern Rough-winged Swallow",32,7,"regular"
"758","afternoon","8_9","Pileated Woodpecker",104,12,"regular"
"759","afternoon","8_9","Pine Siskin",43,6,"regular"
"760","afternoon","8_9","Purple Finch",131,5,"regular"
"761","afternoon","8_9","Purple Martin",90,5,"regular"
"762","afternoon","8_9","Red-bellied Woodpecker",137,5,"regular"
"763","afternoon","8_9","Red-breasted Nuthatch",19,4,"regular"
"764","afternoon","8_9","Red-headed Woodpecker",42,5,"regular"
"765","afternoon","8_9","Red-shouldered Hawk",97,5,"regular"
"766","afternoon","8_9","Red-tailed Hawk",22,11,"regular"
"767","afternoon","8_9","Red-winged Blackbird",266,5,"regular"
"768","afternoon","8_9","Rock Pigeon",83,6,"regular"
"769","afternoon","8_9","Ruby-crowned Kinglet",17,14,"regular"
"770","afternoon","8_9","Song Sparrow",410,5,"regular"
"771","afternoon","8_9","Tree Swallow",911,5,"regular"
"772","afternoon","8_9","Tufted Titmouse",1107,5,"regular"
"773","afternoon","8_9","White-breasted Nuthatch",144,7,"regular"
"774","afternoon","8_9","White-throated Sparrow",185,12,"regular"
"775","afternoon","8_9","Wild Turkey",41,5,"regular"
"776","afternoon","8_9","Yellow-throated Warbler",94,6,"regular"
"777","afternoon","8_9","American Crow",33.7214285714286,5,"scale"
"778","afternoon","8_9","American Goldfinch",12.4205882352941,5,"scale"
"779","afternoon","8_9","American Robin",19.8157894736842,5,"scale"
"780","afternoon","8_9","Baltimore Oriole",12.2,5,"scale"
"781","afternoon","8_9","Barred Owl",8,4,"scale"
"782","afternoon","8_9","Black-capped Chickadee",23.8333333333333,5,"scale"
"783","afternoon","8_9","Blue Jay",19.4236111111111,6,"scale"
"784","afternoon","8_9","Brown Thrasher",13.1666666666667,5,"scale"
"785","afternoon","8_9","Brown-headed Cowbird",15.6666666666667,6,"scale"
"786","afternoon","8_9","Canada Goose",16.0617647058824,5,"scale"
"787","afternoon","8_9","Carolina Chickadee",14.2718894009217,6,"scale"
"788","afternoon","8_9","Carolina Wren",16.2142857142857,5,"scale"
"789","afternoon","8_9","Cedar Waxwing",21.125,11,"scale"
"790","afternoon","8_9","Chipping Sparrow",6.08333333333333,6,"scale"
"791","afternoon","8_9","Common Grackle",16.6666666666667,5,"scale"
"792","afternoon","8_9","Downy Woodpecker",15.6666666666667,5,"scale"
"793","afternoon","8_9","Eastern Bluebird",14.5833333333333,5,"scale"
"794","afternoon","8_9","Eastern Phoebe",6.10989010989011,5,"scale"
"795","afternoon","8_9","Eastern Towhee",15.1058823529412,5,"scale"
"796","afternoon","8_9","Eurasian Collared-Dove",12.3333333333333,6,"scale"
"797","afternoon","8_9","European Starling",20.7222222222222,5,"scale"
"798","afternoon","8_9","Field Sparrow",20.8214285714286,5,"scale"
"799","afternoon","8_9","Fish Crow",13.4047619047619,5,"scale"
"800","afternoon","8_9","Golden-crowned Kinglet",6.91428571428571,9,"scale"
"801","afternoon","8_9","Green-winged Teal",18.3333333333333,4,"scale"
"802","afternoon","8_9","Hooded Merganser",9,10,"scale"
"803","afternoon","8_9","House Finch",24.1087719298245,6,"scale"
"804","afternoon","8_9","House Sparrow",37.8047319556754,5,"scale"
"805","afternoon","8_9","Mourning Dove",24.8636363636364,5,"scale"
"806","afternoon","8_9","Northern Cardinal",23.875,5,"scale"
"807","afternoon","8_9","Northern Flicker",21.9415584415584,5,"scale"
"808","afternoon","8_9","Northern Mockingbird",19.7692307692308,5,"scale"
"809","afternoon","8_9","Northern Rough-winged Swallow",4.90909090909091,6,"scale"
"810","afternoon","8_9","Pileated Woodpecker",9.57142857142857,5,"scale"
"811","afternoon","8_9","Pine Siskin",12,5,"scale"
"812","afternoon","8_9","Purple Finch",21.8333333333333,5,"scale"
"813","afternoon","8_9","Purple Martin",11.25,5,"scale"
"814","afternoon","8_9","Red-bellied Woodpecker",13.2666666666667,5,"scale"
"815","afternoon","8_9","Red-breasted Nuthatch",6.33333333333333,4,"scale"
"816","afternoon","8_9","Red-headed Woodpecker",9.03333333333333,5,"scale"
"817","afternoon","8_9","Red-shouldered Hawk",11.0808080808081,5,"scale"
"818","afternoon","8_9","Red-tailed Hawk",12.6666666666667,4,"scale"
"819","afternoon","8_9","Red-winged Blackbird",22.8416666666667,5,"scale"
"820","afternoon","8_9","Rock Pigeon",18.5714285714286,5,"scale"
"821","afternoon","8_9","Ruby-crowned Kinglet",8.4,5,"scale"
"822","afternoon","8_9","Song Sparrow",24.7847222222222,5,"scale"
"823","afternoon","8_9","Tree Swallow",24.7275,10,"scale"
"824","afternoon","8_9","Tufted Titmouse",20.8409090909091,11,"scale"
"825","afternoon","8_9","White-breasted Nuthatch",13.5846153846154,6,"scale"
"826","afternoon","8_9","White-throated Sparrow",26.9666666666667,5,"scale"
"827","afternoon","8_9","Wild Turkey",22,8,"scale"
"828","afternoon","8_9","Yellow-throated Warbler",13.1666666666667,12,"scale"
